model,prompt,latency,memory_MB,quality,response
tinyllama,Explain artificial intelligence simply,28.079418659210205,0.1875,238,"Artificial intelligence (AI) is a complex field that involves the development of intelligent systems designed to emulate human-like cognitive abilities, such as decision making, problem solving, and learning. AI refers to the software that enables these capabilities, including machine learning, natural language processing, robotics, robotic process automation (RPA), and more.

There are several key benefits of AI:

1. Improved Productivity: By enabling smart machines to learn from their experiences, AI can improve productivity by reducing errors, increasing efficiency, and allowing for better decision-making.

2. Better Decision Making: AI algorithms can analyze data, make predictions based on past information, and implement effective strategies to guide decisions.

3. Improved Customer Experience: By automating mundane tasks, such as customer service or order fulfillment, AI-driven systems can free up human employees to focus on more complex tasks that require creative thinking and problem-solving.

4. Personalized Experiences: With the ability to analyze data and learn from it, AI can create personalized experiences for consumers, such as recommendations based on their past purchases or browsing history.

5. Better Predictive Analytics: By analyzing vast amounts of data, AI-powered systems can provide insightful insights into trends and patterns that allow businesses to make more informed decisions.

In summary, AI is a rapidly evolving field that provides tremendous benefits for businesses and consumers alike. Its applications are limitless, from automation in manufacturing and logistics to personalized experiences and improved decision-making in fields such as healthcare and finance."
tinyllama,What is machine learning?,11.719260692596436,0.02734375,118,"Machine Learning (ML) is a field of artificial intelligence that enables computers to learn from data without being explicitly programmed. In ML, data is the primary source of information and algorithms are used to extract patterns and knowledge from it. The goal of machine learning is to create intelligent systems that can make decisions based on the analyzed data.

ML can be divided into two broad categories: supervised and unsupervised learning. Supervised learning involves training a model by providing labeled examples (inputs, targets), while unsupervised learning involves learning from unlabeled data (inputs).

In summary, machine learning involves gathering and analyzing large amounts of data, creating algorithms to process it, and then applying these algorithms to make informed decisions."
tinyllama,Write a short story about space travel,54.88437032699585,0.0,477,"As the year 2050 drew near, people around the world were eagerly anticipating the arrival of the first interstellar mission. The crew of the starship Infinity was made up of nine human astronauts, each tasked with a different role on the journey to the stars.

The captain, Captain Jameson, had been selected for her expertise in engineering and science. She knew that space travel would be a daunting task, but she also saw it as an opportunity to explore new worlds and make history.

The second-in-command was Dr. Zara Ling, a biologist who specialized in microorganisms. She had always been fascinated by the possibility of exploring alien life forms, and being on the Infinity's voyage would be her chance to prove it.

The third crew member was Dr. Tomas, a physicist with an eye for space engineering. He was also a skilled pilot, who had flown the Infinity's predecessor through several interstellar stargates.

Next in line was the engineer, Dr. Nina Dzhabalovskaya. She was a brilliant young woman with a keen interest in space engineering and had been selected for her ability to fix anything that went wrong.

The fourth member of the crew was Captain Jameson's personal assistant, Katherine. She had been chosen because she was both smart and charming, and it was hoped that this combination would help her navigate the challenges of being a space explorer in an era where communication was limited.

The fifth crew member was Dr. Dana Grossman, a physicist who specialized in quantum physics. She had always been fascinated by the mysteries of the universe and had spent years studying theoretical physics.

Finally, the sixth member of the crew was Dr. John Johnson, a chemist with expertise in biotechnology. He had been selected for his knowledge of life forms and ability to harness the energy of extraterrestrial life sources.

The spacecraft's six-year journey began on a dark night in a remote part of the galaxy. As they made their way through space, the crew was amazed at how beautifully they navigated. The starship's massive thrusters could move them across vast distances in seconds.

Soon, they encountered new worlds, and as they explored them further, they encountered strange creatures from beyond human comprehension. They landed on an alien planet, where they found a society of intelligent beings with advanced technology.

The crew's primary mission was to study these beings, learn about their culture, and ultimately help them to become the equals of humanity. They spent months studying the creatures, learning how to communicate with them, and eventually creating a bridge between the two civilizations.

The trip back to Earth took longer than they had anticipated, and when they finally arrived, they were met with cheers and applause. It was a historic mission that had transformed space travel forever. The astronauts on board the Infinity had become legends in their own right."
